relation,mrr,hits@1,hits@3,hits@5,hits@10,hits@15,mae,mse,wmrr,whits@1,whits@3,whits@5,whits@10,whits@15
overall,0.6568980813026428,0.576457142829895,0.702151894569397,0.7537409067153931,0.8096051812171936,0.8384637236595154,0.19148357212543488,0.09205789119005203,0.6838051676750183,0.6039287447929382,0.7309409976005554,0.7806796431541443,0.833768904209137,0.860343873500824
concept:academicprogramatuniversity,0.7939788103103638,0.7272727489471436,0.8181818723678589,0.8181818723678589,0.9090909361839294,1.0,,,0.8212319016456604,0.7557595372200012,0.8559607863426208,0.8559607863426208,0.8997988104820251,1.0
concept:acquired,0.3997696340084076,0.3636363744735718,0.3636363744735718,0.4545454680919647,0.4545454680919647,0.5454545617103577,,,0.4249155819416046,0.38710153102874756,0.38710153102874756,0.4830004572868347,0.4830004572868347,0.5806152820587158
concept:acquiredby,0.5015603303909302,0.3684210479259491,0.5789473652839661,0.6315789222717285,0.7894737124443054,0.9473684430122375,,,0.4888461232185364,0.35025596618652344,0.5792199969291687,0.6401759386062622,0.7880893349647522,0.9406322240829468
concept:agentactsinlocation,0.6576340198516846,0.5703703761100769,0.6962962746620178,0.7333333492279053,0.8074073791503906,0.8518518209457397,,,0.682138979434967,0.5977851748466492,0.7235512137413025,0.7546568512916565,0.8244374394416809,0.8616120219230652
concept:agentbelongstoorganization,0.8527843952178955,0.7801418304443359,0.9007092118263245,0.9290779829025269,0.9858155846595764,0.9929077625274658,,,0.8543492555618286,0.7781609296798706,0.9064943194389343,0.9328697919845581,0.9880374670028687,0.9963389039039612
concept:agentcollaborateswithagent,0.6505829095840454,0.5925925970077515,0.68660968542099,0.7217473983764648,0.7559354305267334,0.7720797657966614,,,0.7080893516540527,0.6540632843971252,0.7452942728996277,0.7740050554275513,0.8043860793113708,0.8163437843322754
concept:agentcompeteswithagent,0.4991862177848816,0.4132075607776642,0.5226415395736694,0.5943396091461182,0.6886792778968811,0.7301886677742004,,,0.5318545699119568,0.4433664083480835,0.5602146983146667,0.6278943419456482,0.723889172077179,0.7622075080871582
concept:agentcontributedtocreativework,0.001805054140277207,0.0,0.0,0.0,0.0,0.0,,,0.001805054140277207,0.0,0.0,0.0,0.0,0.0
concept:agentcontrols,0.7245880961418152,0.6491228342056274,0.75,0.8245614171028137,0.8859649300575256,0.9035087823867798,,,0.7434464693069458,0.6700587868690491,0.7707101106643677,0.8447558879852295,0.8946511149406433,0.9135799407958984
concept:agentcreated,0.33310118317604065,0.19999998807907104,0.3999999761581421,0.4399999976158142,0.5600000023841858,0.5999999642372131,,,0.29768913984298706,0.14840593934059143,0.3757133483886719,0.41921213269233704,0.5527926087379456,0.5864219069480896
concept:agenthaswebsite,0.3340425491333008,0.0,0.6666666865348816,0.6666666865348816,0.6666666865348816,0.6666666865348816,,,0.31687453389167786,0.0,0.6321839094161987,0.6321839094161987,0.6321839094161987,0.6321839094161987
concept:agentinvolvedwithitem,0.6264535188674927,0.5,0.75,0.75,0.75,0.75,,,0.7252004742622375,0.5775039792060852,0.8714016675949097,0.8714016675949097,0.8714016675949097,0.8714016675949097
concept:agentparticipatedinevent,0.9078795313835144,0.8888888955116272,0.9259259104728699,0.9259259104728699,0.9259259104728699,0.9259259104728699,,,0.8863107562065125,0.8628324270248413,0.9086217284202576,0.9086217284202576,0.9086217284202576,0.9086217284202576
concept:ageofperson,0.0005012531182728708,0.0,0.0,0.0,0.0,0.0,,,0.0005012531182728708,0.0,0.0,0.0,0.0,0.0
concept:agriculturalproductcookedwithagriculturalproduct,0.6761904954910278,0.625,0.625,0.625,1.0,1.0,,,0.7615147829055786,0.7272723913192749,0.7272723913192749,0.7272723913192749,1.0,1.0
concept:agriculturalproductgrowinginstateorprovince,0.008064515888690948,0.0,0.0,0.0,0.0,0.0,,,0.008064515888690948,0.0,0.0,0.0,0.0,0.0
concept:agriculturalproductincludingagriculturalproduct,0.07692307978868484,0.0,0.0,0.0,0.0,1.0,,,0.07692307978868484,0.0,0.0,0.0,0.0,1.0
concept:agriculturalproducttoattractinsect,0.08142857253551483,0.0,0.0,0.0,0.5,0.5,,,0.08142857253551483,0.0,0.0,0.0,0.5,0.5
concept:airportincity,0.1666666716337204,0.0,0.0,0.5,0.5,1.0,,,0.1666666716337204,0.0,0.0,0.5,0.5,1.0
concept:animaleatfood,0.5180871486663818,0.375,0.625,0.75,0.875,0.875,,,0.5438907146453857,0.41136103868484497,0.6486665606498718,0.7238757610321045,0.861931324005127,0.861931324005127
concept:animaleatvegetable,0.5177329182624817,0.3888888955116272,0.5555555820465088,0.7222222089767456,0.7777777910232544,0.8333333134651184,,,0.47690317034721375,0.32984429597854614,0.5252253413200378,0.7139782905578613,0.7722024321556091,0.8226624727249146
concept:animalistypeofanimal,0.6523133516311646,0.52173912525177,0.75,0.8369565606117249,0.8804348111152649,0.9347826242446899,,,0.6708038449287415,0.5432621240615845,0.7675870060920715,0.8494731187820435,0.8967041373252869,0.9449479579925537
concept:animalpredators,0.701168417930603,0.5904762148857117,0.7904762029647827,0.8476190567016602,0.8952381014823914,0.9047619104385376,,,0.7426767349243164,0.6328836679458618,0.8334900140762329,0.884766161441803,0.9323756694793701,0.9373881816864014
concept:animalpreyson,0.6510269641876221,0.5200000405311584,0.7599999904632568,0.800000011920929,0.893333375453949,0.9066666960716248,,,0.6833287477493286,0.5596281886100769,0.7907195091247559,0.820428729057312,0.9078841805458069,0.9150863289833069
concept:animalssuchasmammals,0.011794171296060085,0.0,0.0,0.0,0.0,0.0,,,0.0158747136592865,0.0,0.0,0.0,0.0,0.0
concept:animalsuchasinsect,0.7015873193740845,0.5416666865348816,0.7916666865348816,0.875,0.9583333730697632,1.0,,,0.7167108654975891,0.5626081824302673,0.8027200102806091,0.8863350749015808,0.9533682465553284,1.0
concept:animalsuchasinvertebrate,0.7345657348632812,0.6315789222717285,0.8421052694320679,0.8421052694320679,0.8421052694320679,0.8421052694320679,,,0.7620648741722107,0.6746135950088501,0.8588101863861084,0.8588101863861084,0.8588101863861084,0.8588101863861084
concept:animalthatfeedoninsect,0.5288580060005188,0.3888888955116272,0.6111111044883728,0.8333333134651184,1.0,1.0,,,0.572821319103241,0.4409920573234558,0.66836017370224,0.844012975692749,1.0,1.0
concept:animaltypehasanimal,0.6050100922584534,0.49275362491607666,0.6811594367027283,0.7101449370384216,0.8550724983215332,0.8695652484893799,,,0.6428758502006531,0.5373137593269348,0.7182565927505493,0.7439540028572083,0.8803343772888184,0.8936676383018494
concept:arachnidiseatenbybird,0.03125,0.0,0.0,0.0,0.0,0.0,,,0.03125,0.0,0.0,0.0,0.0,0.0
concept:arthropodandotherarthropod,0.7944445013999939,0.699999988079071,0.9000000357627869,0.9000000357627869,1.0,1.0,,,0.8748288750648499,0.8173178434371948,0.9391059279441833,0.9391059279441833,1.0,1.0
concept:arthropodcalledarthropod,0.5883209705352783,0.46153849363327026,0.6153846383094788,0.7692307829856873,0.8461538553237915,0.8461538553237915,,,0.6509398221969604,0.5287671089172363,0.6879674792289734,0.7898556590080261,0.898111879825592,0.898111879825592
concept:arthropodlookslikeinsect,0.5,0.0,1.0,1.0,1.0,1.0,,,0.5,0.0,1.0,1.0,1.0,1.0
concept:arthropodthatfeedoninsect,0.62890625,0.5,0.75,0.75,0.75,0.75,,,0.62890625,0.5,0.75,0.75,0.75,0.75
concept:atdate,0.8032166957855225,0.7272727489471436,0.8560606241226196,0.9116161465644836,0.9570707082748413,0.9671717286109924,,,0.8088139891624451,0.734894871711731,0.8599914312362671,0.9147301912307739,0.9598175883293152,0.9697160124778748
concept:athletehomestadium,0.03703703731298447,0.0,0.0,0.0,0.0,0.0,,,0.03703703731298447,0.0,0.0,0.0,0.0,0.0
concept:athleteledsportsteam,0.6111111640930176,0.3333333432674408,1.0,1.0,1.0,1.0,,,0.5990045666694641,0.2970137298107147,1.0,1.0,1.0,1.0
concept:athleteplaysforteam,0.8928571939468384,0.8571429252624512,0.8571429252624512,1.0,1.0,1.0,,,0.9489694237709045,0.9319592714309692,0.9319592714309692,1.0,1.0,1.0
concept:athleteplaysinleague,1.0,1.0,1.0,1.0,1.0,1.0,,,1.0,1.0,1.0,1.0,1.0,1.0
concept:athleteplayssport,1.0,1.0,1.0,1.0,1.0,1.0,,,1.0,1.0,1.0,1.0,1.0,1.0
concept:atlocation,0.7413074374198914,0.6763754487037659,0.7799353003501892,0.8317152261734009,0.8705502152442932,0.8932039141654968,,,0.7554489374160767,0.6912873387336731,0.7926086783409119,0.8437480330467224,0.8824009299278259,0.9053685069084167
concept:attractionofcity,0.8335366249084473,0.800000011920929,0.9000000357627869,0.9000000357627869,0.9000000357627869,0.9000000357627869,,,0.8799306154251099,0.8435572385787964,0.9523869752883911,0.9523869752883911,0.9523869752883911,0.9523869752883911
concept:automobilemakercardealersinstateorprovince,0.4700336456298828,0.3333333432674408,0.5,0.6666666865348816,0.8333333730697632,0.8333333730697632,,,0.48768556118011475,0.34972676634788513,0.5245901346206665,0.6994535326957703,0.8251366019248962,0.8251366019248962
concept:automobilemakerdealersincity,0.313823401927948,0.13333334028720856,0.40000003576278687,0.46666669845581055,0.6000000238418579,0.7333333492279053,,,0.330457478761673,0.12237421423196793,0.4327024519443512,0.5102845430374146,0.6654486656188965,0.8206127882003784
concept:automobilemakerdealersincountry,0.5906863212585449,0.5,0.75,0.75,0.75,0.75,,,0.6327986121177673,0.581818163394928,0.7090908885002136,0.7090908885002136,0.7090908885002136,0.7090908885002136
concept:bankbankincountry,0.6419938802719116,0.6000000238418579,0.6666666865348816,0.6666666865348816,0.6666666865348816,0.6666666865348816,,,0.6717408895492554,0.6479018926620483,0.6795209050178528,0.6795209050178528,0.6795209050178528,0.6795209050178528
concept:bankboughtbank,0.6666666865348816,0.5,1.0,1.0,1.0,1.0,,,0.6666684746742249,0.5000026822090149,1.0,1.0,1.0,1.0
concept:bankchiefexecutiveceo,1.0,1.0,1.0,1.0,1.0,1.0,,,1.0,1.0,1.0,1.0,1.0,1.0
concept:bodypartcontainsbodypart,0.051975052803754807,0.0,0.0,0.0,0.0,0.5,,,0.06173732504248619,0.0,0.0,0.0,0.0,0.695652186870575
concept:bodypartwithinbodypart,0.7116012573242188,0.6666666865348816,0.6666666865348816,0.8333333730697632,0.8333333730697632,0.8333333730697632,,,0.7249066233634949,0.6788107752799988,0.6788107752799988,0.8515509963035583,0.8515509963035583,0.8515509963035583
concept:buildinglocatedincity,0.8685383796691895,0.8235294222831726,0.8823529481887817,0.9411764740943909,0.9411764740943909,0.9411764740943909,,,0.8944439888000488,0.8469927906990051,0.9110954999923706,0.970933198928833,0.970933198928833,0.970933198928833
concept:ceoof,0.9090998768806458,0.8636363744735718,0.9545454978942871,0.9545454978942871,0.9545454978942871,0.9545454978942871,,,0.9083794355392456,0.8679927587509155,0.9487460255622864,0.9487460255622864,0.9487460255622864,0.9487460255622864
concept:chemicalistypeofchemical,1.0,1.0,1.0,1.0,1.0,1.0,,,1.0,1.0,1.0,1.0,1.0,1.0
concept:chemicaltypehaschemical,0.4732142686843872,0.25,0.5,0.75,1.0,1.0,,,0.4743833839893341,0.25707390904426575,0.49379533529281616,0.7423776984214783,1.0,1.0
concept:cityalsoknownas,0.3824159502983093,0.260869562625885,0.43478262424468994,0.47826087474823,0.5652173757553101,0.5652173757553101,,,0.39647483825683594,0.28884652256965637,0.4299332797527313,0.4909437596797943,0.5765014290809631,0.5765014290809631
concept:cityattractions,0.5367838144302368,0.38461539149284363,0.692307710647583,0.7692307829856873,0.7692307829856873,0.7692307829856873,,,0.5694783329963684,0.41695162653923035,0.7518966197967529,0.7896798253059387,0.7896798253059387,0.7896798253059387
concept:citycapitalofcountry,0.826923131942749,0.7692307829856873,0.8461538553237915,0.9230769872665405,1.0,1.0,,,0.8068898916244507,0.7425199747085571,0.8288077116012573,0.9137116074562073,1.0,1.0
concept:citycapitalofstate,0.6138889193534851,0.5,0.6666666865348816,0.8333333730697632,1.0,1.0,,,0.6369301080703735,0.5216494798660278,0.6975945234298706,0.8735395073890686,1.0,1.0
concept:citycontainsbuilding,0.4114760756492615,0.3125,0.4375,0.625,0.625,0.625,,,0.41151511669158936,0.312714159488678,0.4333778917789459,0.6210829615592957,0.6210829615592957,0.6210829615592957
concept:cityhascompanyoffice,0.6646400690078735,0.5583333373069763,0.7416667342185974,0.7666667103767395,0.8500000238418579,0.8750000596046448,,,0.7015175223350525,0.5997167825698853,0.7775041460990906,0.8050548434257507,0.8786026835441589,0.8896856904029846
concept:cityhastransportation,0.0002420135569991544,0.0,0.0,0.0,0.0,0.0,,,0.0002420135569991544,0.0,0.0,0.0,0.0,0.0
concept:cityhostsattraction,0.05263157933950424,0.0,0.0,0.0,0.0,0.0,,,0.05263157933950424,0.0,0.0,0.0,0.0,0.0
concept:cityhotels,0.10711925476789474,0.0625,0.125,0.1875,0.1875,0.1875,,,0.14118321239948273,0.08421551436185837,0.16250963509082794,0.2467251420021057,0.2467251420021057,0.2467251420021057
concept:citylanguage,0.03846153989434242,0.0,0.0,0.0,0.0,0.0,,,0.03846153989434242,0.0,0.0,0.0,0.0,0.0
concept:cityleadbyperson,0.1964285671710968,0.0,0.0,0.5,1.0,1.0,,,0.19284281134605408,0.0,0.0,0.4665328562259674,1.0,1.0
concept:cityliesonriver,0.20000000298023224,0.0,0.0,1.0,1.0,1.0,,,0.20000000298023224,0.0,0.0,1.0,1.0,1.0
concept:citylocatedincountry,0.8237586617469788,0.761904776096344,0.8571428656578064,0.9047619104385376,0.9523809552192688,0.9523809552192688,,,0.8306548595428467,0.7743875980377197,0.8589109182357788,0.9177097082138062,0.9579543471336365,0.9579543471336365
concept:citylocatedingeopoliticallocation,0.8037717938423157,0.7222222089767456,0.8611111044883728,0.9166666865348816,0.9166666865348816,0.944444477558136,,,0.813703715801239,0.7329588532447815,0.8695560693740845,0.9321826696395874,0.9321826696395874,0.9547884464263916
concept:citylocatedinstate,0.8323839902877808,0.7878788113594055,0.8484848737716675,0.8939394354820251,0.9242424368858337,0.9393939971923828,,,0.8528634905815125,0.8112071752548218,0.8659752607345581,0.9181926846504211,0.9462012648582458,0.9539660215377808
concept:citymuseums,0.0002452182525303215,0.0,0.0,0.0,0.0,0.0,,,0.0002452182525303215,0.0,0.0,0.0,0.0,0.0
concept:citynewspaper,0.18674230575561523,0.1666666716337204,0.1666666716337204,0.1666666716337204,0.1666666716337204,0.1666666716337204,,,0.18674230575561523,0.1666666716337204,0.1666666716337204,0.1666666716337204,0.1666666716337204,0.1666666716337204
concept:cityoforganizationheadquarters,0.4353213608264923,0.2857142984867096,0.5476190447807312,0.6190476417541504,0.6904761791229248,0.785714328289032,,,0.46058109402656555,0.3106600046157837,0.5808942317962646,0.6294392943382263,0.7071114182472229,0.7961106896400452
concept:cityparks,6.196938920766115e-05,0.0,0.0,0.0,0.0,0.0,,,6.196938920766115e-05,0.0,0.0,0.0,0.0,0.0
concept:cityradiostation,0.12738095223903656,0.0,0.0,0.5,0.5,0.5,,,0.0634756088256836,0.0,0.0,0.23941509425640106,0.23941509425640106,0.23941509425640106
concept:citysportsteams,0.16580800712108612,0.10000000149011612,0.10000000149011612,0.20000000298023224,0.4000000059604645,0.4000000059604645,,,0.1653059720993042,0.0996263325214386,0.0996263325214386,0.19888551533222198,0.3991641402244568,0.3991641402244568
concept:citystadiums,0.5535544157028198,0.42105263471603394,0.5789473652839661,0.7894737124443054,0.7894737124443054,0.8947368264198303,,,0.5785752534866333,0.4457382261753082,0.6164401769638062,0.8107561469078064,0.8107561469078064,0.9180582165718079
concept:citytelevisionstation,0.5194797515869141,0.4000000059604645,0.6000000238418579,0.6500000357627869,0.699999988079071,0.75,,,0.571610689163208,0.4400818645954132,0.6623948812484741,0.7183992862701416,0.7742329239845276,0.8302367329597473
concept:clothingtogowithclothing,0.5303261280059814,0.4568599760532379,0.5572842955589294,0.602545976638794,0.6690240502357483,0.7355021238327026,,,0.5799238085746765,0.5051416158676147,0.6136965155601501,0.65922611951828,0.7223005294799805,0.7770354747772217
concept:coachesinleague,1.0,1.0,1.0,1.0,1.0,1.0,,,1.0,1.0,1.0,1.0,1.0,1.0
concept:coachesteam,0.6079254150390625,0.5,0.699999988079071,0.699999988079071,0.800000011920929,0.9000000357627869,,,0.6938283443450928,0.5944055914878845,0.7962037920951843,0.7962037920951843,0.8521478772163391,0.9080919027328491
concept:coachworksincountry,1.0,1.0,1.0,1.0,1.0,1.0,,,1.0,1.0,1.0,1.0,1.0,1.0
concept:companiesheadquarteredhere,0.5262086987495422,0.38461539149284363,0.6153846383094788,0.7692307829856873,0.8076923489570618,0.8461538553237915,,,0.5406507253646851,0.3984230160713196,0.6490646004676819,0.7704407572746277,0.8126585483551025,0.8548763394355774
concept:companyalsoknownas,0.4804535210132599,0.36666667461395264,0.5333333611488342,0.6333333849906921,0.7333333492279053,0.7666667103767395,,,0.5450600981712341,0.4252886176109314,0.600947916507721,0.738993227481842,0.80314701795578,0.824531614780426
concept:companyceo,0.8750176429748535,0.800000011920929,0.949999988079071,0.949999988079071,0.949999988079071,0.949999988079071,,,0.8569301962852478,0.7710581421852112,0.9427617192268372,0.9427617192268372,0.9427617192268372,0.9427617192268372
concept:companyeconomicsector,0.753164529800415,0.75,0.75,0.75,0.75,0.75,,,0.7127732634544373,0.7090908885002136,0.7090908885002136,0.7090908885002136,0.7090908885002136,0.7090908885002136
concept:competeswith,0.5804495811462402,0.5,0.6000000238418579,0.6972973346710205,0.7702702879905701,0.8027027249336243,,,0.6027061343193054,0.5214362740516663,0.6293727159500122,0.7267934679985046,0.7894719243049622,0.8175434470176697
concept:controlledbyagent,0.8772997260093689,0.8230452537536621,0.9176954627037048,0.9382715821266174,0.9670781493186951,0.9753085970878601,,,0.886142909526825,0.8325508832931519,0.9285269975662231,0.9511992335319519,0.9723518490791321,0.9768944382667542
concept:countriessuchascountries,0.6036325097084045,0.5,0.6666666865348816,0.8333333730697632,0.8333333730697632,0.8333333730697632,,,0.6210241913795471,0.5245901346206665,0.6994535326957703,0.8251366019248962,0.8251366019248962,0.8251366019248962
concept:countryalsoknownas,0.3384037911891937,0.22972974181175232,0.36486488580703735,0.4932432472705841,0.5675675868988037,0.6756756901741028,,,0.3921484351158142,0.2773328125476837,0.43209877610206604,0.5635486841201782,0.6402260661125183,0.7339590191841125
concept:countrycapital,0.4491274952888489,0.25,0.550000011920929,0.699999988079071,0.699999988079071,0.699999988079071,,,0.4608597159385681,0.24847564101219177,0.5711923241615295,0.7373455166816711,0.7373455166816711,0.7373455166816711
concept:countrycities,0.3924034833908081,0.3030303120613098,0.42424243688583374,0.5151515007019043,0.6060606241226196,0.6060606241226196,,,0.44653117656707764,0.3470282256603241,0.49171262979507446,0.5775251984596252,0.6760722398757935,0.6760722398757935
concept:countrycurrency,0.6334950923919678,0.6000000238418579,0.699999988079071,0.699999988079071,0.699999988079071,0.699999988079071,,,0.6103054285049438,0.5746930241584778,0.681014358997345,0.681014358997345,0.681014358997345,0.681014358997345
concept:countryhascitizen,0.25018176436424255,0.0,0.5,0.5,0.5,0.5,,,0.44459524750709534,0.0,0.8891098499298096,0.8891098499298096,0.8891098499298096,0.8891098499298096
concept:countryhascompanyoffice,0.5622683763504028,0.47058823704719543,0.5882353186607361,0.6470588445663452,0.7058823704719543,0.7058823704719543,,,0.5551450252532959,0.4686397910118103,0.5735087990760803,0.634523868560791,0.6955389380455017,0.6955389380455017
concept:countrylanguage,0.6012404561042786,0.5384615659713745,0.6153846383094788,0.7307692766189575,0.7307692766189575,0.7692307829856873,,,0.6339348554611206,0.5802719593048096,0.6312748789787292,0.7562521696090698,0.7562521696090698,0.7763634920120239
concept:countrylocatedingeopoliticallocation,0.8354999423027039,0.7631579041481018,0.8815789818763733,0.9210526347160339,0.9473684430122375,0.9473684430122375,,,0.8690256476402283,0.8041349649429321,0.9161503314971924,0.9420809745788574,0.9667728543281555,0.9667728543281555
concept:countryoforganizationheadquarters,0.014614925719797611,0.0,0.0,0.0,0.0,0.0,,,0.014812139794230461,0.0,0.0,0.0,0.0,0.0
concept:countryofpersondeath,0.0833333358168602,0.0,0.0,0.0,0.0,1.0,,,0.0833333358168602,0.0,0.0,0.0,0.0,1.0
concept:countryproducesproduct,0.25,0.0,0.0,1.0,1.0,1.0,,,0.25,0.0,0.0,1.0,1.0,1.0
concept:countrystates,0.31684979796409607,0.20000000298023224,0.20000000298023224,0.6000000238418579,0.6000000238418579,0.800000011920929,,,0.32041263580322266,0.20289374887943268,0.20289374887943268,0.6086812615394592,0.6086812615394592,0.7973090410232544
concept:createdbyagent,0.41919058561325073,0.2916666865348816,0.5,0.5416666865348816,0.5833333730697632,0.625,,,0.41731151938438416,0.2860156297683716,0.49694445729255676,0.5464427471160889,0.5955060124397278,0.6450043320655823
concept:currencycountry,0.3255968987941742,0.25,0.375,0.375,0.5,0.625,,,0.3255907893180847,0.24999307096004486,0.3749944567680359,0.3749944567680359,0.4999958872795105,0.6249973773956299
concept:dateof,0.4527548551559448,0.3697104752063751,0.48106905817985535,0.5345211625099182,0.6080178618431091,0.6592428088188171,,,0.4690699577331543,0.3843599855899811,0.4997987449169159,0.5549100637435913,0.626092255115509,0.6771144866943359
concept:dateoforganizationcreation,0.008771929889917374,0.0,0.0,0.0,0.0,0.0,,,0.008771929889917374,0.0,0.0,0.0,0.0,0.0
concept:dateoforganzationdissolution,0.07200296968221664,0.0,0.20000000298023224,0.20000000298023224,0.20000000298023224,0.20000000298023224,,,0.10176029056310654,0.0,0.2893666625022888,0.2893666625022888,0.2893666625022888,0.2893666625022888
concept:economicsectorcompany,0.11486563831567764,0.0,0.1111111119389534,0.2222222238779068,0.3333333432674408,0.4444444477558136,,,0.08308962732553482,0.0,0.059830185025930405,0.15812262892723083,0.21795281767845154,0.3547075092792511
concept:eventhasparticipantagent,0.3607286810874939,0.3199999928474426,0.3999999761581421,0.4399999976158142,0.4399999976158142,0.4399999976158142,,,0.3966701924800873,0.3531538248062134,0.438860684633255,0.481714129447937,0.481714129447937,0.481714129447937
concept:fatherofperson,3.684327020891942e-05,0.0,0.0,0.0,0.0,0.0,,,3.684327020891942e-05,0.0,0.0,0.0,0.0,0.0
concept:fooddecreasestheriskofdisease,0.5,0.0,1.0,1.0,1.0,1.0,,,0.5,0.0,1.0,1.0,1.0,1.0
concept:generalizationof,0.3779853284358978,0.2777777910232544,0.3888888955116272,0.5,0.6111111044883728,0.6666666865348816,,,0.39610978960990906,0.29591724276542664,0.421497106552124,0.49655869603157043,0.6261096596717834,0.691027820110321
concept:geopoliticallocationcontainscity,0.46452924609184265,0.34210526943206787,0.5263158082962036,0.5789473652839661,0.6578947305679321,0.7894737124443054,,,0.4986986815929413,0.3751201033592224,0.5663583278656006,0.6099585890769958,0.6986976861953735,0.8257150650024414
concept:geopoliticallocationcontainscountry,0.5331918001174927,0.41428571939468384,0.5857142806053162,0.699999988079071,0.7571428418159485,0.8571428656578064,,,0.5422610640525818,0.4279575049877167,0.5903741121292114,0.7002922296524048,0.7580527663230896,0.8667711615562439
concept:geopoliticallocationcontainsstate,0.7473316192626953,0.6909090876579285,0.7454545497894287,0.7999999523162842,0.8909090757369995,0.9454545378684998,,,0.7511933445930481,0.693049430847168,0.7537111043930054,0.8029990792274475,0.8953095078468323,0.950284481048584
concept:geopoliticallocationresidenceofpersion,0.7508972883224487,0.75,0.75,0.75,0.75,0.75,,,0.7245805859565735,0.7235857248306274,0.7235857248306274,0.7235857248306274,0.7235857248306274,0.7235857248306274
concept:geopoliticalorganizationleadbyperson,0.7500306367874146,0.6000000238418579,0.9000000357627869,0.9000000357627869,0.9000000357627869,0.9000000357627869,,,0.7302903532981873,0.5629415512084961,0.8975764513015747,0.8975764513015747,0.8975764513015747,0.8975764513015747
concept:hasfamilymember,0.2626502215862274,0.10000000149011612,0.4000000059604645,0.4000000059604645,0.6000000238418579,0.6000000238418579,,,0.26045194268226624,0.05861460417509079,0.4413835406303406,0.4413835406303406,0.6901799440383911,0.6901799440383911
concept:hashusband,5.7149387430399656e-05,0.0,0.0,0.0,0.0,0.0,,,5.7149387430399656e-05,0.0,0.0,0.0,0.0,0.0
concept:hasofficeincity,0.636540949344635,0.5547944903373718,0.698630154132843,0.7191780805587769,0.7602739930152893,0.7739725708961487,,,0.6784708499908447,0.5928625464439392,0.7474510669708252,0.7683992981910706,0.804949164390564,0.8135673403739929
concept:hasofficeincountry,0.7008907198905945,0.5789473652839661,0.8421052694320679,0.8947368264198303,0.8947368264198303,0.9473684430122375,,,0.7256676554679871,0.6091145873069763,0.8573880791664124,0.9133973717689514,0.9133973717689514,0.9736426472663879
concept:hassibling,0.11260734498500824,0.0,0.0,0.3333333432674408,0.3333333432674408,0.6666666865348816,,,0.1025908887386322,0.0,0.0,0.2522522509098053,0.2522522509098053,0.7477477192878723
concept:hasspouse,0.5002345442771912,0.5,0.5,0.5,0.5,0.5,,,0.46243712306022644,0.462184876203537,0.462184876203537,0.462184876203537,0.462184876203537,0.462184876203537
concept:headquarteredin,0.8092593550682068,0.7333333492279053,0.9000000357627869,0.9000000357627869,1.0,1.0,,,0.8187622427940369,0.7422349452972412,0.9125451445579529,0.9125451445579529,1.0,1.0
concept:hospitalincity,0.0009354536887258291,0.0,0.0,0.0,0.0,0.0,,,0.0009354536887258291,0.0,0.0,0.0,0.0,0.0
concept:hotelincity,0.9642857313156128,0.9285714626312256,1.0,1.0,1.0,1.0,,,0.9685264825820923,0.9370530843734741,1.0,1.0,1.0,1.0
concept:instrumentplayedbymusician,1.0,1.0,1.0,1.0,1.0,1.0,,,1.0,1.0,1.0,1.0,1.0,1.0
concept:inverseofagriculturalproductcamefromcountry,0.0625,0.0,0.0,0.0,0.0,0.0,,,0.0625,0.0,0.0,0.0,0.0,0.0
concept:inverseofagriculturalproductcookedwithagricultureproduct,0.420722633600235,0.30000001192092896,0.4000000059604645,0.5,0.699999988079071,0.9000000357627869,,,0.4162498116493225,0.31824928522109985,0.3646606206893921,0.4703039526939392,0.6817507147789001,0.8939169049263
concept:inverseofagriculturalproductgrowinginstateorprovince,0.17424243688583374,0.0,0.5,0.5,0.5,0.5,,,0.17424243688583374,0.0,0.5,0.5,0.5,0.5
concept:inverseofagriculturalproductincludingagriculturalproduct,1.0,1.0,1.0,1.0,1.0,1.0,,,1.0,1.0,1.0,1.0,1.0,1.0
concept:inverseofagriculturalproducttoattractinsect,0.06910236179828644,0.0,0.0,0.0,0.3333333432674408,0.3333333432674408,,,0.06430411338806152,0.0,0.0,0.0,0.30054643750190735,0.30054643750190735
concept:inverseofanimaleatfood,0.8125,0.75,0.75,1.0,1.0,1.0,,,0.838715672492981,0.7849541902542114,0.7849541902542114,1.0,1.0,1.0
concept:inverseofanimaleatvegetable,0.7881490588188171,0.7142857313156128,0.8571429252624512,0.9285714626312256,0.9285714626312256,0.9285714626312256,,,0.7711458802223206,0.699070930480957,0.82024085521698,0.91012042760849,0.91012042760849,0.91012042760849
concept:inverseofanimalfeedoninsect,0.5924603343009949,0.3888888955116272,0.7222222089767456,0.8333333134651184,0.944444477558136,1.0,,,0.6068471670150757,0.4046652317047119,0.7502486705780029,0.834319531917572,0.95428866147995,1.0
concept:inverseofanimalsuchasinsect,0.6919999718666077,0.5600000023841858,0.7999999523162842,0.8799999952316284,1.0,1.0,,,0.69004887342453,0.5572136640548706,0.7928054332733154,0.8681348562240601,1.0,1.0
concept:inverseofanimalsuchasinvertebrate,0.5777557492256165,0.47826087474823,0.6086956858634949,0.695652186870575,0.8260869979858398,0.8695652484893799,,,0.600380003452301,0.5054588317871094,0.6123208403587341,0.706850528717041,0.830771803855896,0.8815999031066895
concept:inverseofanimalsuchasmollusk,0.1428571492433548,0.0,0.0,0.0,1.0,1.0,,,0.1428571492433548,0.0,0.0,0.0,1.0,1.0
concept:inverseofarthropodandotherarthropod,0.5366508960723877,0.4285714328289032,0.4761904776096344,0.761904776096344,0.9047619104385376,0.9523809552192688,,,0.5186929106712341,0.40383949875831604,0.4602077901363373,0.7667102217674255,0.9031170606613159,0.9436317086219788
concept:inverseofarthropodcalledarthropod,0.38162335753440857,0.1666666716337204,0.4166666865348816,0.6666666865348816,0.8333333730697632,0.8333333730697632,,,0.3828159272670746,0.1853763461112976,0.42279571294784546,0.6215053796768188,0.7797849178314209,0.7797849178314209
concept:inverseofarthropodfeedoninsect,0.3641141355037689,0.3333333432674408,0.3333333432674408,0.3333333432674408,0.3333333432674408,0.6666666865348816,,,0.3641141355037689,0.3333333432674408,0.3333333432674408,0.3333333432674408,0.3333333432674408,0.6666666865348816
concept:inverseofathleteledsportsteam,0.5099999904632568,0.5,0.5,0.5,0.5,0.5,,,0.7017391324043274,0.695652186870575,0.695652186870575,0.695652186870575,0.695652186870575,0.695652186870575
concept:inverseofautomobilemakercardealersinstateorprovince,0.5277777910232544,0.25,0.75,0.75,1.0,1.0,,,0.6084879040718079,0.3288896977901459,0.8561107516288757,0.8561107516288757,1.0,1.0
concept:inverseofautomobilemakerchiefexecutiveceo,0.75,0.6666666865348816,0.6666666865348816,1.0,1.0,1.0,,,0.75,0.6666666865348816,0.6666666865348816,1.0,1.0,1.0
concept:inverseofautomobilemakerdealersincity,0.8500339984893799,0.8000000715255737,0.8666667342185974,0.9333333969116211,0.9333333969116211,0.9333333969116211,,,0.8501651287078857,0.8001695871353149,0.8747734427452087,0.925396203994751,0.925396203994751,0.925396203994751
concept:inverseofautomobilemakerdealersincountry,0.4375,0.25,0.5,0.75,0.75,0.75,,,0.4375,0.25,0.5,0.75,0.75,0.75
concept:inverseofbankbankincountry,0.7053571939468384,0.5714285969734192,0.785714328289032,0.8571429252624512,1.0,1.0,,,0.7031350135803223,0.568192720413208,0.7841160893440247,0.8560510277748108,1.0,1.0
concept:inverseofbankboughtbank,0.75,0.5,1.0,1.0,1.0,1.0,,,0.7500001192092896,0.5000002384185791,1.0,1.0,1.0,1.0
concept:inverseofclothingmadefromplant,0.10000000149011612,0.0,0.0,0.0,1.0,1.0,,,0.10000000149011612,0.0,0.0,0.0,1.0,1.0
concept:inverseofcoachworksincountry,0.2023809552192688,0.0,0.5,0.5,0.5,1.0,,,0.20238138735294342,0.0,0.5000016093254089,0.5000016093254089,0.5000016093254089,1.0
concept:inverseofcountriessuchascountries,0.7666667103767395,0.6000000238418579,1.0,1.0,1.0,1.0,,,0.7675039172172546,0.6018967628479004,1.0,1.0,1.0,1.0
concept:inverseofdiseasemaybecausedbydrug,5.675046850228682e-05,0.0,0.0,0.0,0.0,0.0,,,5.675046850228682e-05,0.0,0.0,0.0,0.0,0.0
concept:inverseoffooddecreasestheriskofdisease,0.1666666716337204,0.0,0.0,0.0,1.0,1.0,,,0.1666666716337204,0.0,0.0,0.0,1.0,1.0
concept:inverseoflanguegeschoolincity,0.5972222685813904,0.5,0.6666666865348816,0.6666666865348816,1.0,1.0,,,0.5774134397506714,0.4754098355770111,0.6502732038497925,0.6502732038497925,1.0,1.0
concept:inverseofmammalsuchasmammal,0.05017152801156044,0.0,0.0,0.0,0.0,0.5,,,0.0503513403236866,0.0,0.0,0.0,0.0,0.5022069811820984
concept:inverseofpersongraduatedfromuniversity,0.5860655307769775,0.5263158082962036,0.5789473652839661,0.5789473652839661,0.7368420958518982,0.8947368264198303,,,0.572358250617981,0.5075565576553345,0.5613104701042175,0.5613104701042175,0.7400268316268921,0.91008460521698
concept:inverseofpersonmovedtostateorprovince,0.33391475677490234,0.0,0.800000011920929,0.800000011920929,0.800000011920929,0.800000011920929,,,0.3336396813392639,0.0,0.7875849008560181,0.7875849008560181,0.7875849008560181,0.7875849008560181
concept:inverseofpoliticianuswenttoschool,0.00024402147391811013,0.0,0.0,0.0,0.0,0.0,,,0.00024402147391811013,0.0,0.0,0.0,0.0,0.0
concept:inverseofsportfansincountry,0.716269850730896,0.6666666865348816,0.6666666865348816,0.8333333730697632,0.8333333730697632,0.8333333730697632,,,0.7678780555725098,0.7139926552772522,0.7139926552772522,0.9129542708396912,0.9129542708396912,0.9129542708396912
concept:inverseofsportschoolincountry,0.875,0.75,1.0,1.0,1.0,1.0,,,0.8617231249809265,0.723446249961853,1.0,1.0,1.0,1.0
concept:inverseofvegetableproductioninstateorprovince,1.0,1.0,1.0,1.0,1.0,1.0,,,1.0,1.0,1.0,1.0,1.0,1.0
concept:inverseofweaponmadeincountry,0.00826446246355772,0.0,0.0,0.0,0.0,0.0,,,0.00826446246355772,0.0,0.0,0.0,0.0,0.0
concept:inverseofwriterwasbornincity,0.0028735632076859474,0.0,0.0,0.0,0.0,0.0,,,0.0028735632076859474,0.0,0.0,0.0,0.0,0.0
concept:ismultipleof,0.25,0.0,0.0,1.0,1.0,1.0,,,0.25,0.0,0.0,1.0,1.0,1.0
concept:itemexistsatlocation,0.25,0.0,0.0,1.0,1.0,1.0,,,0.25,0.0,0.0,1.0,1.0,1.0
concept:iteminvolvedwithagent,0.5171726942062378,0.375,0.625,0.625,0.75,0.75,,,0.5716601610183716,0.4231948256492615,0.6856797337532043,0.6856797337532043,0.8169222474098206,0.8169222474098206
concept:jobpositionheldbyperson,0.16959065198898315,0.0,0.5,0.5,0.5,0.5,,,0.16959065198898315,0.0,0.5,0.5,0.5,0.5
concept:journalistwritesforpublication,0.716130793094635,0.6666666865348816,0.7777777910232544,0.7777777910232544,0.7777777910232544,0.7777777910232544,,,0.7452964186668396,0.6887911558151245,0.8128236532211304,0.8128236532211304,0.8128236532211304,0.8128236532211304
concept:languageofcity,0.035353533923625946,0.0,0.0,0.0,0.0,0.0,,,0.035353537648916245,0.0,0.0,0.0,0.0,0.0
concept:languageofcountry,0.44997191429138184,0.29729729890823364,0.5405405759811401,0.6216216087341309,0.7297297716140747,0.8108108043670654,,,0.44633644819259644,0.28763478994369507,0.5505024194717407,0.6109321117401123,0.7352457642555237,0.8316499590873718
concept:languageofuniversity,0.396364688873291,0.25,0.375,0.625,0.875,0.875,,,0.40119320154190063,0.2671755850315094,0.35267174243927,0.6885496377944946,0.8595420122146606,0.8595420122146606
concept:languageschoolincity,1.0,1.0,1.0,1.0,1.0,1.0,,,1.0,1.0,1.0,1.0,1.0,1.0
concept:leaguecoaches,0.035151515156030655,0.0,0.0,0.0,0.0,0.0,,,0.035151515156030655,0.0,0.0,0.0,0.0,0.0
concept:leagueplayers,0.2380952537059784,0.0,0.5,0.75,0.75,0.75,,,0.2380952537059784,0.0,0.5,0.75,0.75,0.75
concept:leaguestadiums,0.47477954626083374,0.3333333432674408,0.5555555820465088,0.6666666865348816,0.6666666865348816,0.6666666865348816,,,0.47477948665618896,0.3333343267440796,0.555554211139679,0.6666656136512756,0.6666656136512756,0.6666656136512756
concept:leagueteams,0.8816972970962524,0.8461538553237915,0.9230769872665405,0.9230769872665405,0.9230769872665405,0.9615384936332703,,,0.8773282170295715,0.8402153849601746,0.9207941293716431,0.9207941293716431,0.9207941293716431,0.9596884846687317
concept:locatedat,0.5974397659301758,0.505649745464325,0.6553672552108765,0.694915235042572,0.7485875487327576,0.8022598624229431,,,0.6162402033805847,0.5239757895469666,0.6764764785766602,0.7175040245056152,0.7662853002548218,0.8177338242530823
concept:locationactedinbyagent,0.7540485858917236,0.6829267740249634,0.7926828861236572,0.8536584973335266,0.9024389982223511,0.914634108543396,,,0.773506224155426,0.705149233341217,0.8081624507904053,0.8778941035270691,0.9214549660682678,0.9279257655143738
concept:locationcontainslocation,0.7184215784072876,0.6363636255264282,0.7681818008422852,0.8181818127632141,0.8818181753158569,0.9090908765792847,,,0.7330021858215332,0.6481876373291016,0.7854001522064209,0.8376560807228088,0.8987532258033752,0.9258175492286682
concept:locationlocatedwithinlocation,0.8116591572761536,0.7425742745399475,0.8663366436958313,0.8811880946159363,0.8910890817642212,0.910891056060791,,,0.8290999531745911,0.7635979056358337,0.8802217245101929,0.8976671099662781,0.906079113483429,0.9261433482170105
concept:locationofpersonbirth,0.17457926273345947,0.125,0.125,0.25,0.3125,0.375,,,0.18482162058353424,0.13793529570102692,0.13793529570102692,0.23883983492851257,0.30844396352767944,0.3786652684211731
concept:locationrepresentedbypolitician,0.22570672631263733,0.10000000149011612,0.25,0.3499999940395355,0.550000011920929,0.6000000238418579,,,0.23188482224941254,0.10345341265201569,0.249923437833786,0.3602231442928314,0.5670691132545471,0.6227079629898071
concept:motherofperson,0.09090909361839294,0.0,0.0,0.0,0.0,1.0,,,0.09090909361839294,0.0,0.0,0.0,0.0,1.0
concept:musicartistgenre,1.0,1.0,1.0,1.0,1.0,1.0,,,1.0,1.0,1.0,1.0,1.0,1.0
concept:musicartistmusician,0.16244234144687653,0.0,0.25,0.25,0.25,0.5,,,0.14050135016441345,0.0,0.20085088908672333,0.20085088908672333,0.20085088908672333,0.46077248454093933
concept:musicgenreartist,0.0011049723252654076,0.0,0.0,0.0,0.0,0.0,,,0.0011049723252654076,0.0,0.0,0.0,0.0,0.0
concept:musicianinmusicartist,0.2877686023712158,0.0,0.5,0.6666666865348816,0.8333333730697632,0.8333333730697632,,,0.2778072953224182,0.0,0.5072839856147766,0.6568874716758728,0.8064910173416138,0.8064910173416138
concept:musicianplaysinstrument,0.7500091791152954,0.75,0.75,0.75,0.75,0.75,,,0.7716497182846069,0.7716413140296936,0.7716413140296936,0.7716413140296936,0.7716413140296936,0.7716413140296936
concept:mutualproxyfor,0.724433422088623,0.6683937907218933,0.7556131482124329,0.8005181550979614,0.8402417898178101,0.8523315787315369,,,0.7536903619766235,0.6995289325714111,0.7857525944709778,0.8281793594360352,0.863667368888855,0.8742763996124268
concept:newspaperincity,0.171559140086174,0.0,0.3333333432674408,0.3333333432674408,0.3333333432674408,0.3333333432674408,,,0.1699717789888382,0.0,0.3301113247871399,0.3301113247871399,0.3301113247871399,0.3301113247871399
concept:officeheldbypolitician,0.230056494474411,0.1111111119389534,0.3333333432674408,0.3333333432674408,0.3333333432674408,0.5555555820465088,,,0.23868344724178314,0.10991636663675308,0.32974910736083984,0.32974910736083984,0.32974910736083984,0.6248506307601929
concept:officeheldbypoliticianus,0.10257526487112045,0.0,0.1666666716337204,0.1666666716337204,0.3333333432674408,0.3333333432674408,,,0.10575774312019348,0.0,0.17329105734825134,0.17329105734825134,0.34657689929008484,0.34657689929008484
concept:organizationacronymhasname,0.18756842613220215,0.0,0.3333333432674408,0.3333333432674408,0.3333333432674408,0.3333333432674408,,,0.18979009985923767,0.0,0.3372859060764313,0.3372859060764313,0.3372859060764313,0.3372859060764313
concept:organizationalsoknownas,0.44867876172065735,0.3432835638523102,0.4776119291782379,0.5820895433425903,0.7014925479888916,0.7164179086685181,,,0.49106040596961975,0.386495441198349,0.5251924991607666,0.6224254369735718,0.740535318851471,0.7586656212806702
concept:organizationcreatedatdate,0.14772728085517883,0.0,0.0,0.5,0.5,0.5,,,0.14772728085517883,0.0,0.0,0.5,0.5,0.5
concept:organizationdissolvedatdate,0.6333333849906921,0.4000000059604645,1.0,1.0,1.0,1.0,,,0.6433330774307251,0.4149877727031708,1.0,1.0,1.0,1.0
concept:organizationhasagent,0.771674394607544,0.7076923251152039,0.8205128312110901,0.8564102649688721,0.892307698726654,0.892307698726654,,,0.792966902256012,0.7355121970176697,0.8345717787742615,0.8659408092498779,0.8999578356742859,0.8999578356742859
concept:organizationhasperson,0.7008765339851379,0.5920000076293945,0.7760000228881836,0.8400000333786011,0.9200000166893005,0.9360000491142273,,,0.7480502128601074,0.659325361251831,0.8026552200317383,0.8603171110153198,0.9288254380226135,0.9430624842643738
concept:organizationhastopmember,0.9494950175285339,0.9090909361839294,1.0,1.0,1.0,1.0,,,0.9513776302337646,0.9124798774719238,1.0,1.0,1.0,1.0
concept:organizationheadquarteredincity,0.8331761956214905,0.785714328289032,0.8809524178504944,0.8809524178504944,0.8809524178504944,0.9047619104385376,,,0.8224772810935974,0.7719715237617493,0.8733174800872803,0.8733174800872803,0.8733174800872803,0.8986539840698242
concept:organizationheadquarteredincountry,0.6382532715797424,0.4736842215061188,0.7894737124443054,0.8421052694320679,0.9473684430122375,0.9473684430122375,,,0.6622806191444397,0.5029323697090149,0.8074188828468323,0.8634421825408936,0.9439762830734253,0.9439762830734253
concept:organizationheadquarteredinstateorprovince,0.7044385075569153,0.6666666865348816,0.7777777910232544,0.7777777910232544,0.7777777910232544,0.7777777910232544,,,0.6951506733894348,0.6561920046806335,0.7707942128181458,0.7707942128181458,0.7707942128181458,0.7707942128181458
concept:organizationhiredperson,0.7845330238342285,0.7108433246612549,0.8192770481109619,0.867469847202301,0.9397590160369873,0.9638553857803345,,,0.8085381388664246,0.7392753958702087,0.8426883816719055,0.8860732913017273,0.954708993434906,0.9706024527549744
concept:organizationleadbyperson,0.8652386665344238,0.7761194109916687,0.9552238583564758,0.9552238583564758,0.9850745797157288,0.9850745797157288,,,0.8868270516395569,0.8011240363121033,0.9686611294746399,0.9686611294746399,0.9926875233650208,0.9926875233650208
concept:organizationnamehasacronym,0.8000133633613586,0.800000011920929,0.800000011920929,0.800000011920929,0.800000011920929,0.800000011920929,,,0.8000133633613586,0.7999999523162842,0.7999999523162842,0.7999999523162842,0.7999999523162842,0.7999999523162842
concept:organizationterminatedperson,0.9617647528648376,0.9411764740943909,0.9705882668495178,1.0,1.0,1.0,,,0.9614500999450684,0.9406911134719849,0.9703484177589417,1.0,1.0,1.0
concept:parentofperson,0.6253623366355896,0.6000000238418579,0.6000000238418579,0.6000000238418579,0.6000000238418579,0.800000011920929,,,0.7476149797439575,0.7294067740440369,0.7294067740440369,0.7294067740440369,0.7294067740440369,0.8910749554634094
concept:parkincity,1.0,1.0,1.0,1.0,1.0,1.0,,,1.0,1.0,1.0,1.0,1.0,1.0
concept:personalsoknownas,0.23498468101024628,0.0,0.4000000059604645,0.4000000059604645,0.6000000238418579,0.6000000238418579,,,0.23498468101024628,0.0,0.4000000059604645,0.4000000059604645,0.6000000238418579,0.6000000238418579
concept:personattendsschool,0.9020833373069763,0.875,0.9375,0.9375,1.0,1.0,,,0.940149188041687,0.9207226634025574,0.9700031876564026,0.9700031876564026,1.0,1.0
concept:personbelongstoorganization,0.8270239233970642,0.7555555701255798,0.8814814686775208,0.9259259104728699,0.970370352268219,0.9851851463317871,,,0.8396727442741394,0.7727658152580261,0.8903579711914062,0.9317649006843567,0.9698158502578735,0.9830697178840637
concept:personbornincity,0.37682148814201355,0.3333333432674408,0.3333333432674408,0.3333333432674408,0.6666666865348816,0.6666666865348816,,,0.3130900263786316,0.26500120759010315,0.26500120759010315,0.26500120759010315,0.633698582649231,0.633698582649231
concept:personborninlocation,0.7237176895141602,0.6470588445663452,0.7647058963775635,0.8235294222831726,0.8823529481887817,0.9411764740943909,,,0.7607580423355103,0.6881338953971863,0.8049765825271606,0.8347207307815552,0.9027073979377747,0.9702558517456055
concept:personborninstateorprovince,3.69426270481199e-05,0.0,0.0,0.0,0.0,0.0,,,3.69426270481199e-05,0.0,0.0,0.0,0.0,0.0
concept:persondiedincountry,0.9000000357627869,0.800000011920929,1.0,1.0,1.0,1.0,,,0.9000002145767212,0.8000003099441528,1.0,1.0,1.0,1.0
concept:persongraduatedfromuniversity,0.6661325097084045,0.5833333730697632,0.75,0.75,0.75,0.8333333730697632,,,0.7338588833808899,0.6548027992248535,0.8044756650924683,0.8044756650924683,0.8044756650924683,0.9087553024291992
concept:persongraduatedschool,0.9060606360435486,0.8666667342185974,0.9333333969116211,0.9333333969116211,0.9333333969116211,1.0,,,0.9053857922554016,0.8657088875770569,0.9328544735908508,0.9328544735908508,0.9328544735908508,1.0
concept:personhascitizenship,0.08351866155862808,0.0,0.0,0.0,0.5,0.5,,,0.1482260674238205,0.0,0.0,0.0,0.8891097903251648,0.8891097903251648
concept:personhasparent,0.22694805264472961,0.0,0.4000000059604645,0.4000000059604645,0.4000000059604645,0.6000000238418579,,,0.16510546207427979,0.0,0.2655797600746155,0.2655797600746155,0.2655797600746155,0.5636903643608093
concept:personhasresidenceincountry,1.0,1.0,1.0,1.0,1.0,1.0,,,1.0,1.0,1.0,1.0,1.0,1.0
concept:personhasresidenceingeopoliticallocation,0.5185463428497314,0.5,0.5,0.5,0.5,0.75,,,0.5187165141105652,0.5001882314682007,0.5001882314682007,0.5001882314682007,0.5001882314682007,0.7499058842658997
concept:personhiredbyorganization,0.73477703332901,0.6593406796455383,0.791208803653717,0.8241758346557617,0.8571428656578064,0.8791208863258362,,,0.7606690526008606,0.6835958957672119,0.8181308507919312,0.8491441607475281,0.8859779834747314,0.9081185460090637
concept:personleadscity,1.0,1.0,1.0,1.0,1.0,1.0,,,1.0,1.0,1.0,1.0,1.0,1.0
concept:personleadsgeopoliticalorganization,0.3945218324661255,0.2857142984867096,0.4285714626312256,0.5714285969734192,0.5714285969734192,0.5714285969734192,,,0.318496435880661,0.20216606557369232,0.36823105812072754,0.4693140685558319,0.4693140685558319,0.4693140685558319
concept:personleadsorganization,0.7819492816925049,0.7213114500045776,0.8360655307769775,0.8524589538574219,0.8524589538574219,0.8524589538574219,,,0.814827561378479,0.7535341382026672,0.8730679750442505,0.8916362524032593,0.8916362524032593,0.8916362524032593
concept:personmovedtostateorprovince,0.5518641471862793,0.4545454680919647,0.5454545617103577,0.7272727489471436,0.8181818723678589,0.8181818723678589,,,0.5974405407905579,0.5098849534988403,0.5551766157150269,0.7585793137550354,0.8548240661621094,0.8548240661621094
concept:personterminatedbyorganization,0.9516796469688416,0.9268292188644409,0.9756097197532654,0.9756097197532654,0.9756097197532654,0.9756097197532654,,,0.9516797065734863,0.9268292784690857,0.9756097793579102,0.9756097793579102,0.9756097793579102,0.9756097793579102
concept:personwrittenaboutinpublication,1.0,1.0,1.0,1.0,1.0,1.0,,,1.0,1.0,1.0,1.0,1.0,1.0
concept:players,0.6833333373069763,0.6666666865348816,0.6666666865348816,0.6666666865348816,0.6666666865348816,0.6666666865348816,,,0.650532066822052,0.6321390271186829,0.6321390271186829,0.6321390271186829,0.6321390271186829,0.6321390271186829
concept:politicalgroupofpoliticianus,0.38394230604171753,0.25,0.5,0.5,0.5,0.5,,,0.3974665403366089,0.31683167815208435,0.4554455578327179,0.4554455578327179,0.4554455578327179,0.4554455578327179
concept:politicianholdsoffice,0.5187796354293823,0.5,0.5,0.5,0.5,0.75,,,0.434526652097702,0.4108910858631134,0.4108910858631134,0.4108910858631134,0.4108910858631134,0.7277227640151978
concept:politicianrepresentslocation,0.7568821907043457,0.6153846383094788,0.9230769872665405,0.9230769872665405,0.9230769872665405,0.9230769872665405,,,0.76176518201828,0.6280365586280823,0.9208045601844788,0.9208045601844788,0.9208045601844788,0.9208045601844788
concept:politicianusendorsedbypoliticianus,0.6545138955116272,0.625,0.625,0.625,0.75,0.75,,,0.5943242311477661,0.5596685409545898,0.5596685409545898,0.5596685409545898,0.70644611120224,0.70644611120224
concept:politicianusendorsespoliticianus,0.4433106780052185,0.2857142984867096,0.4285714626312256,0.7142857313156128,0.7142857313156128,0.7142857313156128,,,0.47651389241218567,0.3744018077850342,0.45702841877937317,0.6222816109657288,0.6222816109657288,0.6222816109657288
concept:politicianusholdsoffice,1.0,1.0,1.0,1.0,1.0,1.0,,,1.0,1.0,1.0,1.0,1.0,1.0
concept:politicianusmemberofpoliticalgroup,1.0,1.0,1.0,1.0,1.0,1.0,,,1.0,1.0,1.0,1.0,1.0,1.0
concept:politicianuswenttoschool,9.450902871321887e-05,0.0,0.0,0.0,0.0,0.0,,,9.450902871321887e-05,0.0,0.0,0.0,0.0,0.0
concept:producedby,1.0,1.0,1.0,1.0,1.0,1.0,,,1.0,1.0,1.0,1.0,1.0,1.0
concept:producesproduct,0.5416666865348816,0.5,0.5,0.5,0.5,1.0,,,0.5416666865348816,0.5,0.5,0.5,0.5,1.0
concept:professionistypeofprofession,0.2986452579498291,0.125,0.3125,0.625,0.8125,0.875,,,0.30057841539382935,0.1337130069732666,0.3020957112312317,0.5980411171913147,0.7988156080245972,0.8921184539794922
concept:professiontypehasprofession,0.31818968057632446,0.2222222238779068,0.2222222238779068,0.4444444477558136,0.7777777910232544,0.7777777910232544,,,0.36850449442863464,0.2750231921672821,0.2750231921672821,0.5177711248397827,0.8046905994415283,0.8046905994415283
concept:proxyfor,0.8750065565109253,0.8292682766914368,0.9186991453170776,0.9308942556381226,0.9430893659591675,0.9491869807243347,,,0.8862013220787048,0.8431535959243774,0.9277606010437012,0.941177248954773,0.9496515989303589,0.9542468786239624
concept:proxyof,0.6751641631126404,0.6000000238418579,0.7180722951889038,0.7710843682289124,0.8096385598182678,0.8409639000892639,,,0.6929460167884827,0.6198403239250183,0.733099639415741,0.7844951748847961,0.8255597352981567,0.8572477102279663
concept:publicationjournalist,0.6333333849906921,0.4000000059604645,1.0,1.0,1.0,1.0,,,0.6505632996559143,0.42276591062545776,1.0,1.0,1.0,1.0
concept:publicationwritesabout,0.27173912525177,0.0,0.5,0.5,0.5,0.5,,,0.27173912525177,0.0,0.5,0.5,0.5,0.5
concept:riverflowsthroughcity,0.007715498097240925,0.0,0.0,0.0,0.0,0.0,,,0.008813721127808094,0.0,0.0,0.0,0.0,0.0
concept:roomcancontainitem,1.0,1.0,1.0,1.0,1.0,1.0,,,1.0,1.0,1.0,1.0,1.0,1.0
concept:schoolattendedbyperson,0.7651516199111938,0.7142857313156128,0.8571429252624512,0.8571429252624512,0.8571429252624512,0.8571429252624512,,,0.851447343826294,0.810566246509552,0.9283223748207092,0.9283223748207092,0.9283223748207092,0.9283223748207092
concept:schoolgraduatedperson,0.7074229121208191,0.6470588445663452,0.7058823704719543,0.7647058963775635,1.0,1.0,,,0.7443289756774902,0.6957958936691284,0.7266572117805481,0.7971972823143005,1.0,1.0
concept:specializationof,0.46923741698265076,0.30000001192092896,0.6000000238418579,0.699999988079071,0.800000011920929,0.8500000238418579,,,0.49147629737854004,0.316699355840683,0.6482039093971252,0.7320605516433716,0.8159172534942627,0.8742150068283081
concept:sportfansincountry,0.1978968381881714,0.0,0.375,0.375,0.375,0.625,,,0.19835670292377472,0.0,0.3728752136230469,0.3728752136230469,0.3728752136230469,0.5768367648124695
concept:sportschoolincountry,0.6397058963775635,0.5,0.75,0.75,0.75,0.75,,,0.6569083333015442,0.5042644143104553,0.7841593027114868,0.7841593027114868,0.7841593027114868,0.7841593027114868
concept:sportteam,0.5034722685813904,0.3333333432674408,0.6666666865348816,0.6666666865348816,0.8333333730697632,0.8333333730697632,,,0.5030179619789124,0.3327234089374542,0.6663617491722107,0.6663617491722107,0.833180844783783,0.833180844783783
concept:sportusesstadium,0.75,0.5,1.0,1.0,1.0,1.0,,,0.75,0.5,1.0,1.0,1.0,1.0
concept:stadiumhometeam,0.21101783215999603,0.07692307978868484,0.3076923191547394,0.3076923191547394,0.46153849363327026,0.5384615659713745,,,0.22450441122055054,0.08207619935274124,0.3282146453857422,0.3282146453857422,0.4916456639766693,0.5737218856811523
concept:stadiumhometoleague,1.0,1.0,1.0,1.0,1.0,1.0,,,1.0,1.0,1.0,1.0,1.0,1.0
concept:stadiumhometosport,1.0,1.0,1.0,1.0,1.0,1.0,,,1.0,1.0,1.0,1.0,1.0,1.0
concept:stadiumlocatedincity,0.9276315569877625,0.8947368264198303,0.9473684430122375,0.9473684430122375,1.0,1.0,,,0.9148145318031311,0.8766749501228333,0.9372720122337341,0.9372720122337341,1.0,1.0
concept:stadiumoreventvenuedisclosescompany,0.0029154520016163588,0.0,0.0,0.0,0.0,0.0,,,0.0029154520016163588,0.0,0.0,0.0,0.0,0.0
concept:statecontainscity,0.27545976638793945,0.16923077404499054,0.3384615480899811,0.38461539149284363,0.4769230782985687,0.5230769515037537,,,0.31551194190979004,0.20030206441879272,0.3933091163635254,0.4437606930732727,0.5234341025352478,0.5740758180618286
concept:statehascapital,0.4233035743236542,0.25,0.5,0.625,0.625,0.75,,,0.42342573404312134,0.250079870223999,0.5001590847969055,0.625199019908905,0.625199019908905,0.7502390146255493
concept:statelocatedincountry,0.629160463809967,0.4545454680919647,0.7272727489471436,0.8181818723678589,0.9090909361839294,0.9090909361839294,,,0.5910924673080444,0.3952191174030304,0.701195240020752,0.8031872510910034,0.9051792621612549,0.9051792621612549
concept:statelocatedingeopoliticallocation,0.5675348043441772,0.5208333730697632,0.5833333730697632,0.6041666865348816,0.6666666865348816,0.6666666865348816,,,0.595762312412262,0.5494415163993835,0.6181410551071167,0.6282822489738464,0.694358766078949,0.694358766078949
concept:stateorprovinceisborderedbystateorprovince,0.17102213203907013,0.03333333507180214,0.23333334922790527,0.2666666805744171,0.5,0.5,,,0.19689024984836578,0.04795340448617935,0.27507850527763367,0.29624414443969727,0.5532538294792175,0.5532538294792175
concept:stateorprovinceoforganizationheadquarters,0.08725705742835999,0.0,0.1666666716337204,0.1666666716337204,0.1666666716337204,0.1666666716337204,,,0.09061363339424133,0.0,0.17477107048034668,0.17477107048034668,0.17477107048034668,0.17477107048034668
concept:subpartof,0.785566508769989,0.7167487740516663,0.8349753618240356,0.871921181678772,0.8990147709846497,0.9113300442695618,,,0.8059391975402832,0.7401995658874512,0.8552161455154419,0.8899943828582764,0.9141969084739685,0.9255747199058533
concept:subpartoforganization,0.8750518560409546,0.8425925970077515,0.8935185074806213,0.9074074029922485,0.9398148059844971,0.9537037014961243,,,0.8829310536384583,0.8513972163200378,0.9010420441627502,0.9138807058334351,0.9489190578460693,0.9617491364479065
concept:superpartof,0.5879637002944946,0.473300963640213,0.6699029207229614,0.7233009934425354,0.7961165308952332,0.8252426981925964,,,0.6030088067054749,0.4892508089542389,0.6866136789321899,0.7418518662452698,0.8100857734680176,0.8349782824516296
concept:superpartoforganization,0.7749207615852356,0.7149532437324524,0.7990654110908508,0.8504672646522522,0.8925233483314514,0.9158878326416016,,,0.7797845602035522,0.7221807837486267,0.8021312952041626,0.85223388671875,0.8908336162567139,0.9166595935821533
concept:synonymfor,0.4941963255405426,0.41107872128486633,0.5306122899055481,0.5860058665275574,0.6647230386734009,0.7142857313156128,,,0.5292724967002869,0.44690144062042236,0.5634056925773621,0.6228353381156921,0.7047033309936523,0.7500189542770386
concept:teamalsoknownas,0.3726142644882202,0.20930232107639313,0.41860464215278625,0.5813953280448914,0.6976743936538696,0.8837209343910217,,,0.35937413573265076,0.18041272461414337,0.4143986999988556,0.5787231922149658,0.6959737539291382,0.8923057913780212
concept:teamcoach,0.3958333432674408,0.0,0.6666666865348816,0.8333333730697632,1.0,1.0,,,0.43144240975379944,0.0,0.7806156873703003,0.8903078436851501,1.0,1.0
concept:teamhomestadium,0.05201460048556328,0.0,0.0,0.0,0.0,0.4285714626312256,,,0.05650213360786438,0.0,0.0,0.0,0.0,0.4656546413898468
concept:teamingame,1.0,1.0,1.0,1.0,1.0,1.0,,,1.0,1.0,1.0,1.0,1.0,1.0
concept:teammember,0.401183545589447,0.23076924681663513,0.5384615659713745,0.5384615659713745,0.6153846383094788,0.7692307829856873,,,0.3849617838859558,0.21145667135715485,0.5245609283447266,0.5245609283447266,0.619530975818634,0.7560503482818604
concept:teamplaysagainstteam,0.43629124760627747,0.23549486696720123,0.5426620841026306,0.6860067844390869,0.8600682616233826,0.9112627506256104,,,0.44130727648735046,0.2405305802822113,0.5482257008552551,0.6933674216270447,0.8653045892715454,0.9134056568145752
concept:teamplaysincity,0.7420290112495422,0.6428571939468384,0.8571429252624512,0.9285714626312256,0.9285714626312256,0.9285714626312256,,,0.776668906211853,0.6778465509414673,0.8804914951324463,0.963627815246582,0.963627815246582,0.963627815246582
concept:teamplaysinleague,1.0,1.0,1.0,1.0,1.0,1.0,,,1.0,1.0,1.0,1.0,1.0,1.0
concept:teamplayssport,0.8666667342185974,0.800000011920929,1.0,1.0,1.0,1.0,,,0.8666666746139526,0.800000011920929,1.0,1.0,1.0,1.0
concept:televisioncompanyaffiliate,0.5557339787483215,0.46153849363327026,0.5961538553237915,0.634615421295166,0.7692307829856873,0.7692307829856873,,,0.564784586429596,0.46750056743621826,0.6074519157409668,0.6514728665351868,0.7668559551239014,0.7668559551239014
concept:televisionstationaffiliatedwith,0.9918032288551331,0.9836065173149109,0.9999999403953552,0.9999999403953552,0.9999999403953552,0.9999999403953552,,,0.9908913969993591,0.981782853603363,1.0,1.0,1.0,1.0
concept:televisionstationincity,0.5820926427841187,0.4444444477558136,0.6666666865348816,0.7222222089767456,0.8333333134651184,0.8333333134651184,,,0.6035867929458618,0.46498286724090576,0.7043302059173584,0.7324892282485962,0.8612161874771118,0.8612161874771118
concept:topmemberoforganization,0.8623188734054565,0.739130437374115,1.0,1.0,1.0,1.0,,,0.8355547189712524,0.6885201334953308,1.0,1.0,1.0,1.0
concept:universityhasacademicprogram,0.1313430219888687,0.0,0.1666666716337204,0.1666666716337204,0.3333333432674408,0.5,,,0.13430137932300568,0.0,0.17117533087730408,0.17117533087730408,0.3423565626144409,0.5135377645492554
concept:universityoperatesinlanguage,0.4333333373069763,0.25,0.5,1.0,1.0,1.0,,,0.5711711645126343,0.4324324429035187,0.6216216087341309,1.0,1.0,1.0
concept:vegetableproductioninstateorprovince,0.20000000298023224,0.0,0.0,1.0,1.0,1.0,,,0.20000000298023224,0.0,0.0,1.0,1.0,1.0
concept:websiteoperatedbyagent,0.020408162847161293,0.0,0.0,0.0,0.0,0.0,,,0.020408162847161293,0.0,0.0,0.0,0.0,0.0
concept:worker,0.7871472239494324,0.7111110687255859,0.8370370268821716,0.8666666746139526,0.9185184836387634,0.9259259104728699,,,0.8264732956886292,0.7580643892288208,0.8758849501609802,0.891585648059845,0.9378982782363892,0.9418234825134277
concept:worksfor,0.8359493613243103,0.7555555701255798,0.9000000357627869,0.9333333373069763,0.9555555582046509,0.9666666984558105,,,0.8718401789665222,0.8008550405502319,0.9281100630760193,0.9508444666862488,0.9733741283416748,0.9791089296340942
